PROVINCIA;COMARCA;MUNICIPIO;GRUPO DE CULTIVO;CULTIVO;SUPERFICIE CULTIVADA (ha);DOTACION (m3/ha);CONSUMO ESTIMADO (m3);PRECIO MEDIO AGUA (euros/m3);COSTE ESTIMADO (euros)
ALICANTE;ALT VINALOPO/ALTO VINALOPO;BENEIXAMA;CEREALES PARA GRANO;CEBADA;30,00;3438,77;103163,04;1,19;122710,56
ALICANTE;ALT VINALOPO/ALTO VINALOPO;BIAR;CEREALES PARA GRANO;TRIGO;62,00;3438,77;213203,62;1,19;253601,83
ALICANTE;ALT VINALOPO/ALTO VINALOPO;CAMPO DE MIRRA/CAMP DE MIRRA (EL);CEREALES PARA GRANO;TRIGO;4,00;3438,77;13755,07;1,19;16361,41
ALICANTE;ALT VINALOPO/ALTO VINALOPO;CANADA;CEREALES PARA GRANO;TRIGO;2,00;3438,77;6877,54;1,19;8180,70
ALICANTE;ALT VINALOPO/ALTO VINALOPO;SALINAS;CEREALES PARA GRANO;CEBADA;22,00;3438,77;75652,90;1,19;89987,75
ALICANTE;ALT VINALOPO/ALTO VINALOPO;SAX;CEREALES PARA GRANO;AVENA;79,00;3438,77;271662,68;1,19;323137,82
ALICANTE;ALT VINALOPO/ALTO VINALOPO;VILLENA;CEREALES PARA GRANO;TRIGO;424,00;3438,77;1458037,68;1,19;1734309,31
ALICANTE;BAIX SEGURA/VEGA BAJA;ALBATERA;TUBERCULOS C. HUMANO;PATATA TARDIA;4,00;3438,77;13755,07;1,19;16361,41
ALICANTE;BAIX SEGURA/VEGA BAJA;ALGORFA;TUBERCULOS C. HUMANO;PATATA MEDIA ESTACION;10,00;3438,77;34387,68;1,19;40903,52
ALICANTE;BAIX SEGURA/VEGA BAJA;ALMORADI;CEREALES PARA GRANO;TRIGO;33,00;3438,77;113479,35;1,19;134981,62
ALICANTE;BAIX SEGURA/VEGA BAJA;BENEJUZAR;TUBERCULOS C. HUMANO;PATATA TEMPRANA;2,00;3438,77;6877,54;1,19;8180,70
ALICANTE;BAIX SEGURA/VEGA BAJA;BENFERRI;HORTALIZAS;MELON;3,00;3438,77;10316,30;1,19;12271,06
ALICANTE;BAIX SEGURA/VEGA BAJA;BENIJOFAR;CEREALES PARA GRANO;CEBADA;2,00;3438,77;6877,54;1,19;8180,70
ALICANTE;BAIX SEGURA/VEGA BAJA;BIGASTRO;TUBERCULOS C. HUMANO;PATATA TARDIA;1,00;3438,77;3438,77;1,19;4090,35
ALICANTE;BAIX SEGURA/VEGA BAJA;CALLOSA DE SEGURA;CEREALES PARA GRANO;TRIGO;22,00;3438,77;75652,90;1,19;89987,75
ALICANTE;BAIX SEGURA/VEGA BAJA;CATRAL;CEREALES PARA GRANO;TRIGO;18,00;3438,77;61897,83;1,19;73626,34
ALICANTE;BAIX SEGURA/VEGA BAJA;COX;TUBERCULOS C. HUMANO;PATATA TEMPRANA;8,00;3438,77;27510,14;1,19;32722,82
ALICANTE;BAIX SEGURA/VEGA BAJA;DAYA NUEVA;CEREALES PARA GRANO;TRIGO;3,00;3438,77;10316,30;1,19;12271,06
ALICANTE;BAIX SEGURA/VEGA BAJA;DAYA VIEJA;CEREALES PARA GRANO;TRIGO;14,00;3438,77;48142,75;1,19;57264,93
ALICANTE;BAIX SEGURA/VEGA BAJA;DOLORES;CEREALES PARA GRANO;TRIGO;17,00;3438,77;58459,06;1,19;69535,99
ALICANTE;BAIX SEGURA/VEGA BAJA;FORMENTERA DEL SEGURA;CEREALES PARA GRANO;TRIGO;2,00;3438,77;6877,54;1,19;8180,70
ALICANTE;BAIX SEGURA/VEGA BAJA;GRANJA DE ROCAMORA;TUBERCULOS C. HUMANO;PATATA TEMPRANA;2,00;3438,77;6877,54;1,19;8180,70
ALICANTE;BAIX SEGURA/VEGA BAJA;GUARDAMAR DEL SEGURA;CEREALES PARA GRANO;TRIGO;2,00;3438,77;6877,54;1,19;8180,70
ALICANTE;BAIX SEGURA/VEGA BAJA;JACARILLA;TUBERCULOS C. HUMANO;PATATA TEMPRANA;1,00;3438,77;3438,77;1,19;4090,35
ALICANTE;BAIX SEGURA/VEGA BAJA;MONTESINOS (LOS);TUBERCULOS C. HUMANO;PATATA TEMPRANA;15,00;3438,77;51581,52;1,19;61355,28
ALICANTE;BAIX SEGURA/VEGA BAJA;ORIHUELA;CEREALES PARA GRANO;TRIGO;49,00;3438,77;168499,64;1,19;200427,25
ALICANTE;BAIX SEGURA/VEGA BAJA;PILAR DE LA HORADADA;CEREALES PARA GRANO;TRIGO;29,00;3438,77;99724,28;1,19;118620,21
ALICANTE;BAIX SEGURA/VEGA BAJA;RAFAL;TUBERCULOS C. HUMANO;PATATA TEMPRANA;3,00;3438,77;10316,30;1,19;12271,06
ALICANTE;BAIX SEGURA/VEGA BAJA;REDOVAN;LEGUMINOSAS GRANO;HABA SECA;1,00;3438,77;3438,77;1,19;4090,35
ALICANTE;BAIX SEGURA/VEGA BAJA;ROJALES;CEREALES PARA GRANO;TRIGO;11,00;3438,77;37826,45;1,19;44993,87
ALICANTE;BAIX SEGURA/VEGA BAJA;SAN FULGENCIO;CEREALES PARA GRANO;TRIGO;49,00;3438,77;168499,64;1,19;200427,25
ALICANTE;BAIX SEGURA/VEGA BAJA;SAN ISIDRO;CEREALES PARA GRANO;CEBADA;3,00;3438,77;10316,30;1,19;12271,06
ALICANTE;BAIX SEGURA/VEGA BAJA;SAN MIGUEL DE SALINAS;CEREALES PARA GRANO;TRIGO;11,00;3438,77;37826,45;1,19;44993,87
ALICANTE;BAIX SEGURA/VEGA BAJA;TORREVIEJA;TUBERCULOS C. HUMANO;PATATA TEMPRANA;15,00;3438,77;51581,52;1,19;61355,28
ALICANTE;BAIX VINALOPO;CREVILLENT;CEREALES PARA GRANO;TRIGO;2,00;3438,77;6877,54;1,19;8180,70
ALICANTE;BAIX VINALOPO;ELCHE/ELX;CEREALES PARA GRANO;TRIGO;42,00;3438,77;144428,26;1,19;171794,79
ALICANTE;BAIX VINALOPO;SANTA POLA;TUBERCULOS C. HUMANO;PATATA TEMPRANA;5,00;3438,77;17193,84;1,19;20451,76
ALICANTE;EL COMTAT;AGRES;CEREALES PARA GRANO;TRIGO;27,00;3438,77;92846,74;1,19;110439,51
ALICANTE;EL COMTAT;ALCOCER DE PLANES;FRUTALES;MANZANO;3,00;3438,77;10316,30;1,19;12271,06
ALICANTE;EL COMTAT;ALCOLEJA;CEREALES PARA GRANO;CEBADA;12,00;3438,77;41265,22;1,19;49084,23
ALICANTE;EL COMTAT;ALFAFARA;CEREALES PARA GRANO;TRIGO;13,00;3438,77;44703,99;1,19;53174,58
ALICANTE;EL COMTAT;ALMUDAINA;FRUTALES;MANZANO;2,00;3438,77;6877,54;1,19;8180,70
ALICANTE;EL COMTAT;ALQUERIA D'ASNAR (L');TUBERCULOS C. HUMANO;PATATA MEDIA ESTACION;2,00;3438,77;6877,54;1,19;8180,70
ALICANTE;EL COMTAT;BALONES;FRUTALES;MANZANO;1,00;3438,77;3438,77;1,19;4090,35
ALICANTE;EL COMTAT;BENASAU;FRUTALES;MANZANO;1,00;3438,77;3438,77;1,19;4090,35
ALICANTE;EL COMTAT;BENIARRES;TUBERCULOS C. HUMANO;PATATA MEDIA ESTACION;3,00;3438,77;10316,30;1,19;12271,06
ALICANTE;EL COMTAT;BENILLOBA;CEREALES PARA GRANO;TRIGO;22,00;3438,77;75652,90;1,19;89987,75
ALICANTE;EL COMTAT;BENILLUP;FRUTALES;ALBARICOQUERO;1,00;3438,77;3438,77;1,19;4090,35
ALICANTE;EL COMTAT;BENIMARFULL;CEREALES PARA GRANO;TRIGO;5,00;3438,77;17193,84;1,19;20451,76
ALICANTE;EL COMTAT;BENIMASSOT;FRUTALES;MANZANO;3,00;3438,77;10316,30;1,19;12271,06
ALICANTE;EL COMTAT;COCENTAINA;CEREALES PARA GRANO;TRIGO;3,00;3438,77;10316,30;1,19;12271,06
ALICANTE;EL COMTAT;FACHECA;FRUTALES;CEREZO Y GUINDO;7,00;3438,77;24071,38;1,19;28632,46
ALICANTE;EL COMTAT;FAMORCA;FRUTALES;ALMENDRO;4,00;3438,77;13755,07;1,19;16361,41
ALICANTE;EL COMTAT;GAIANES;HORTALIZAS;PEPINO;1,00;3438,77;3438,77;1,19;4090,35
ALICANTE;EL COMTAT;GORGA;CEREALES PARA GRANO;TRIGO;11,00;3438,77;37826,45;1,19;44993,87
ALICANTE;EL COMTAT;LORCHA/ORXA (L');TUBERCULOS C. HUMANO;PATATA MEDIA ESTACION;3,00;3438,77;10316,30;1,19;12271,06
ALICANTE;EL COMTAT;MILLENA;FRUTALES;MANZANO;2,00;3438,77;6877,54;1,19;8180,70
ALICANTE;EL COMTAT;MURO DE ALCOY;CEREALES PARA GRANO;AVENA;4,00;3438,77;13755,07;1,19;16361,41
ALICANTE;EL COMTAT;PLANES;TUBERCULOS C. HUMANO;PATATA MEDIA ESTACION;1,00;3438,77;3438,77;1,19;4090,35
ALICANTE;EL COMTAT;QUATRETONDETA;LEGUMINOSAS GRANO;YERO;2,00;3438,77;6877,54;1,19;8180,70
ALICANTE;EL COMTAT;TOLLOS;FRUTALES;CEREZO Y GUINDO;3,00;3438,77;10316,30;1,19;12271,06
ALICANTE;L'ALACANTI;AGOST;CEREALES PARA GRANO;AVENA;1,00;3438,77;3438,77;1,19;4090,35
ALICANTE;L'ALACANTI;AIGUES;CITRICOS;NARANJO DULCE;3,00;3438,77;10316,30;1,19;12271,06
ALICANTE;L'ALACANTI;ALICANTE/ALACANT;CEREALES PARA GRANO;CEBADA;1,00;3438,77;3438,77;1,19;4090,35
ALICANTE;L'ALACANTI;BUSOT;HORTALIZAS;TOMATE;2,00;3438,77;6877,54;1,19;8180,70
ALICANTE;L'ALACANTI;CAMPELLO (EL);HORTALIZAS;LECHUGA;2,00;3438,77;6877,54;1,19;8180,70
ALICANTE;L'ALACANTI;JIJONA/XIXONA;CEREALES PARA GRANO;TRIGO;39,00;3438,77;134111,96;1,19;159523,73
ALICANTE;L'ALACANTI;MUTXAMEL;TUBERCULOS C. HUMANO;PATATA TEMPRANA;2,00;3438,77;6877,54;1,19;8180,70
ALICANTE;L'ALACANTI;SAN VICENTE DEL RASPEIG/SANT VICENT DEL RASPE;CEREALES PARA GRANO;SORGO;11,00;3438,77;37826,45;1,19;44993,87
ALICANTE;L'ALACANTI;SANT JOAN D'ALACANT;TUBERCULOS C. HUMANO;PATATA MEDIA ESTACION;2,00;3438,77;6877,54;1,19;8180,70
ALICANTE;L'ALACANTI;TORREMANZANAS/TORRE DE LES MACANES (LA);CEREALES PARA GRANO;CEBADA;7,00;3438,77;24071,38;1,19;28632,46
ALICANTE;L'ALCOIA;ALCOY/ALCOI;CEREALES PARA GRANO;TRIGO;331,00;3438,77;1138232,25;1,19;1353906,56
ALICANTE;L'ALCOIA;BANYERES DE MARIOLA;CEREALES PARA GRANO;TRIGO;127,00;3438,77;436723,55;1,19;519474,72
ALICANTE;L'ALCOIA;BENIFALLIM;FRUTALES;MANZANO;6,00;3438,77;20632,61;1,19;24542,11
ALICANTE;L'ALCOIA;CASTALLA;CEREALES PARA GRANO;TRIGO;59,00;3438,77;202887,32;1,19;241330,78
ALICANTE;L'ALCOIA;IBI;CEREALES PARA GRANO;TRIGO;20,00;3438,77;68775,36;1,19;81807,04
ALICANTE;L'ALCOIA;ONIL;CEREALES PARA GRANO;TRIGO;4,00;3438,77;13755,07;1,19;16361,41
ALICANTE;L'ALCOIA;PENAGUILA;CEREALES PARA GRANO;TRIGO;8,00;3438,77;27510,14;1,19;32722,82
ALICANTE;L'ALCOIA;TIBI;CEREALES PARA GRANO;TRIGO;8,00;3438,77;27510,14;1,19;32722,82
ALICANTE;LA MARINA ALTA;ADSUBIA;CULTIVOS INDUSTRIALES;OTROS CULTIVOS INDUSTRIA.;1,00;3438,77;3438,77;1,19;4090,35
ALICANTE;LA MARINA ALTA;ALCALALI;TUBERCULOS C. HUMANO;PATATA TARDIA;1,00;3438,77;3438,77;1,19;4090,35
ALICANTE;LA MARINA ALTA;BENIARBEIG;CITRICOS;NARANJO DULCE;97,00;3438,77;333560,51;1,19;396764,16
ALICANTE;LA MARINA ALTA;BENIDOLEIG;CITRICOS;NARANJO DULCE;41,00;3438,77;140989,49;1,19;167704,44
ALICANTE;LA MARINA ALTA;BENIGEMBLA;CITRICOS;NARANJO DULCE;7,00;3438,77;24071,38;1,19;28632,46
ALICANTE;LA MARINA ALTA;BENIMELI;CEREALES PARA GRANO;AVENA;2,00;3438,77;6877,54;1,19;8180,70
ALICANTE;LA MARINA ALTA;BENISSA;CEREALES PARA GRANO;TRIGO;1,00;3438,77;3438,77;1,19;4090,35
ALICANTE;LA MARINA ALTA;BENITACHELL/POBLE NOU DE BENITATXELL (EL);TUBERCULOS C. HUMANO;PATATA MEDIA ESTACION;1,00;3438,77;3438,77;1,19;4090,35
ALICANTE;LA MARINA ALTA;CALP;HORTALIZAS;TOMATE;1,00;3438,77;3438,77;1,19;4090,35
ALICANTE;LA MARINA ALTA;CASTELL DE CASTELLS;FRUTALES;MANZANO;5,00;3438,77;17193,84;1,19;20451,76
ALICANTE;LA MARINA ALTA;DENIA;CEREALES PARA GRANO;ARROZ (CASCARA);114,00;3438,77;392019,57;1,19;466300,14
ALICANTE;LA MARINA ALTA;GATA DE GORGOS;TUBERCULOS C. HUMANO;PATATA TEMPRANA;1,00;3438,77;3438,77;1,19;4090,35
ALICANTE;LA MARINA ALTA;JAVEA/XABIA;TUBERCULOS C. HUMANO;PATATA TEMPRANA;4,00;3438,77;13755,07;1,19;16361,41
ALICANTE;LA MARINA ALTA;LLIBER;HORTALIZAS;TOMATE;1,00;3438,77;3438,77;1,19;4090,35
ALICANTE;LA MARINA ALTA;MURLA;CITRICOS;NARANJO DULCE;19,00;3438,77;65336,59;1,19;77716,69
ALICANTE;LA MARINA ALTA;ONDARA;TUBERCULOS C. HUMANO;PATATA TEMPRANA;1,00;3438,77;3438,77;1,19;4090,35
ALICANTE;LA MARINA ALTA;ORBA;CULTIVOS FORRAJEROS;OTROS FORRAJES VARIOS;2,00;3438,77;6877,54;1,19;8180,70
ALICANTE;LA MARINA ALTA;PARCENT;HORTALIZAS;BERENJENA;1,00;3438,77;3438,77;1,19;4090,35
ALICANTE;LA MARINA ALTA;PEDREGUER;CULTIVOS FORRAJEROS;OTROS FORRAJES VARIOS;1,00;3438,77;3438,77;1,19;4090,35
ALICANTE;LA MARINA ALTA;PEGO;CEREALES PARA GRANO;ARROZ (CASCARA);321,00;3438,77;1103844,56;1,19;1313003,04
ALICANTE;LA MARINA ALTA;POBLETS (ELS);CITRICOS;NARANJO DULCE;24,00;3438,77;82530,43;1,19;98168,45
ALICANTE;LA MARINA ALTA;RAFOL D'ALMUNIA (EL);CITRICOS;NARANJO DULCE;17,00;3438,77;58459,06;1,19;69535,99
ALICANTE;LA MARINA ALTA;SAGRA;CITRICOS;NARANJO DULCE;26,00;3438,77;89407,97;1,19;106349,16
ALICANTE;LA MARINA ALTA;SANET Y NEGRALS;CITRICOS;NARANJO DULCE;39,00;3438,77;134111,96;1,19;159523,73
ALICANTE;LA MARINA ALTA;SENIJA;FRUTALES;ALMENDRO;3,00;3438,77;10316,30;1,19;12271,06
ALICANTE;LA MARINA ALTA;TEULADA;FLORES Y P. ORNAMENTALES;PLANTAS ORNAMENTALES;2,00;3438,77;6877,54;1,19;8180,70
ALICANTE;LA MARINA ALTA;TORMOS;CITRICOS;NARANJO DULCE;34,00;3438,77;116918,12;1,19;139071,97
ALICANTE;LA MARINA ALTA;VALL D'ALCALA (LA);FRUTALES;MANZANO;7,00;3438,77;24071,38;1,19;28632,46
ALICANTE;LA MARINA ALTA;VALL D'EBO (LA);FRUTALES;MANZANO;10,00;3438,77;34387,68;1,19;40903,52
ALICANTE;LA MARINA ALTA;VALL DE GALLINERA;CITRICOS;NARANJO DULCE;19,00;3438,77;65336,59;1,19;77716,69
ALICANTE;LA MARINA ALTA;VALL DE LAGUAR (LA);HORTALIZAS;TOMATE;1,00;3438,77;3438,77;1,19;4090,35
ALICANTE;LA MARINA ALTA;VERGER (EL);CITRICOS;NARANJO DULCE;48,00;3438,77;165060,87;1,19;196336,90
ALICANTE;LA MARINA ALTA;XALO;TUBERCULOS C. HUMANO;PATATA MEDIA ESTACION;1,00;3438,77;3438,77;1,19;4090,35
ALICANTE;LA MARINA BAIXA;ALFAS DEL PI (L');HORTALIZAS;LECHUGA;1,00;3438,77;3438,77;1,19;4090,35
ALICANTE;LA MARINA BAIXA;ALTEA;TUBERCULOS C. HUMANO;PATATA MEDIA ESTACION;1,00;3438,77;3438,77;1,19;4090,35
ALICANTE;LA MARINA BAIXA;BENIARDA;HORTALIZAS;TOMATE;1,00;3438,77;3438,77;1,19;4090,35
ALICANTE;LA MARINA BAIXA;BENIDORM;CEREALES PARA GRANO;CEBADA;20,00;3438,77;68775,36;1,19;81807,04
ALICANTE;LA MARINA BAIXA;BENIFATO;FRUTALES;MANZANO;2,00;3438,77;6877,54;1,19;8180,70
ALICANTE;LA MARINA BAIXA;BENIMANTELL;CITRICOS;NARANJO DULCE;1,00;3438,77;3438,77;1,19;4090,35
ALICANTE;LA MARINA BAIXA;BOLULLA;CITRICOS;NARANJO DULCE;32,00;3438,77;110040,58;1,19;130891,27
ALICANTE;LA MARINA BAIXA;CALLOSA D'EN SARRIA;TUBERCULOS C. HUMANO;PATATA TEMPRANA;2,00;3438,77;6877,54;1,19;8180,70
ALICANTE;LA MARINA BAIXA;CASTELL DE GUADALEST (EL);CITRICOS;NARANJO DULCE;13,00;3438,77;44703,99;1,19;53174,58
ALICANTE;LA MARINA BAIXA;CONFRIDES;TUBERCULOS C. HUMANO;PATATA MEDIA ESTACION;1,00;3438,77;3438,77;1,19;4090,35
ALICANTE;LA MARINA BAIXA;FINESTRAT;CITRICOS;NARANJO DULCE;14,00;3438,77;48142,75;1,19;57264,93
ALICANTE;LA MARINA BAIXA;NUCIA (LA);HORTALIZAS;TOMATE;1,00;3438,77;3438,77;1,19;4090,35
ALICANTE;LA MARINA BAIXA;ORXETA;CEREALES PARA GRANO;TRIGO;7,00;3438,77;24071,38;1,19;28632,46
ALICANTE;LA MARINA BAIXA;POLOP;CITRICOS;NARANJO DULCE;25,00;3438,77;85969,20;1,19;102258,80
ALICANTE;LA MARINA BAIXA;RELLEU;CEREALES PARA GRANO;TRIGO;22,00;3438,77;75652,90;1,19;89987,75
ALICANTE;LA MARINA BAIXA;SELLA;TUBERCULOS C. HUMANO;PATATA MEDIA ESTACION;3,00;3438,77;10316,30;1,19;12271,06
ALICANTE;LA MARINA BAIXA;TARBENA;TUBERCULOS C. HUMANO;PATATA TARDIA;1,00;3438,77;3438,77;1,19;4090,35
ALICANTE;LA MARINA BAIXA;VILLAJOYOSA/VILA JOIOSA (LA);CEREALES PARA GRANO;TRIGO;14,00;3438,77;48142,75;1,19;57264,93
ALICANTE;VINALOPO MITJA/VINALOPO MEDIO;ALGUENA;FRUTALES;ALMENDRO;420,00;3438,77;1444282,61;1,19;1717947,90
ALICANTE;VINALOPO MITJA/VINALOPO MEDIO;ASPE;TUBERCULOS C. HUMANO;PATATA MEDIA ESTACION;3,00;3438,77;10316,30;1,19;12271,06
ALICANTE;VINALOPO MITJA/VINALOPO MEDIO;ELDA;TUBERCULOS C. HUMANO;PATATA MEDIA ESTACION;1,00;3438,77;3438,77;1,19;4090,35
ALICANTE;VINALOPO MITJA/VINALOPO MEDIO;FONDO DE LES NEUS (EL)/HONDON DE LAS NIEVES;CEREALES PARA GRANO;TRIGO;5,00;3438,77;17193,84;1,19;20451,76
ALICANTE;VINALOPO MITJA/VINALOPO MEDIO;HONDON DE LOS FRAILES;TUBERCULOS C. HUMANO;PATATA MEDIA ESTACION;1,00;3438,77;3438,77;1,19;4090,35
ALICANTE;VINALOPO MITJA/VINALOPO MEDIO;MONFORTE DEL CID;CEREALES PARA GRANO;TRIGO;17,00;3438,77;58459,06;1,19;69535,99
ALICANTE;VINALOPO MITJA/VINALOPO MEDIO;MONOVAR/MONOVER;CEREALES PARA GRANO;TRIGO;5,00;3438,77;17193,84;1,19;20451,76
ALICANTE;VINALOPO MITJA/VINALOPO MEDIO;NOVELDA;CEREALES PARA GRANO;AVENA;1,00;3438,77;3438,77;1,19;4090,35
ALICANTE;VINALOPO MITJA/VINALOPO MEDIO;PETRER;CEREALES PARA GRANO;CEBADA;6,00;3438,77;20632,61;1,19;24542,11
ALICANTE;VINALOPO MITJA/VINALOPO MEDIO;PINOS (EL)/PINOSO;CEREALES PARA GRANO;TRIGO;20,00;3438,77;68775,36;1,19;81807,04
ALICANTE;VINALOPO MITJA/VINALOPO MEDIO;ROMANA (LA);CEREALES PARA GRANO;TRIGO;6,00;3438,77;20632,61;1,19;24542,11
CASTELLON;ALTO MILLARES;ARANUEL;CEREALES PARA GRANO;CENTENO;2,00;3438,77;6877,54;1,19;8180,70
CASTELLON;ALTO MILLARES;ARGELITA;CITRICOS;MANDARINO;6,00;3438,77;20632,61;1,19;24542,11
CASTELLON;ALTO MILLARES;AYODAR;HORTALIZAS;TOMATE;1,00;3438,77;3438,77;1,19;4090,35
CASTELLON;ALTO MILLARES;CASTILLO DE VILLAMALEFA;CEREALES PARA GRANO;CEBADA;1,00;3438,77;3438,77;1,19;4090,35
CASTELLON;ALTO MILLARES;CIRAT;CULTIVOS FORRAJEROS;CEREALES PARA FORRAJES;3,00;3438,77;10316,30;1,19;12271,06
CASTELLON;ALTO MILLARES;CORTES DE ARENOSO;CEREALES PARA GRANO;TRIGO;8,00;3438,77;27510,14;1,19;32722,82
CASTELLON;ALTO MILLARES;ESPADILLA;HORTALIZAS;TOMATE;1,00;3438,77;3438,77;1,19;4090,35
CASTELLON;ALTO MILLARES;FANZARA;CITRICOS;NARANJO DULCE;2,00;3438,77;6877,54;1,19;8180,70
CASTELLON;ALTO MILLARES;FUENTE LA REINA;HORTALIZAS;TOMATE;1,00;3438,77;3438,77;1,19;4090,35
CASTELLON;ALTO MILLARES;FUENTES DE AYODAR;CULTIVOS FORRAJEROS;CEREALES PARA FORRAJES;1,00;3438,77;3438,77;1,19;4090,35
CASTELLON;ALTO MILLARES;LUDIENTE;CEREALES PARA GRANO;TRIGO;2,00;3438,77;6877,54;1,19;8180,70
CASTELLON;ALTO MILLARES;MONTAN;TUBERCULOS C. HUMANO;PATATA MEDIA ESTACION;1,00;3438,77;3438,77;1,19;4090,35
CASTELLON;ALTO MILLARES;MONTANEJOS;TUBERCULOS C. HUMANO;PATATA MEDIA ESTACION;1,00;3438,77;3438,77;1,19;4090,35
CASTELLON;ALTO MILLARES;PUEBLA DE ARENOSO;TUBERCULOS C. HUMANO;PATATA MEDIA ESTACION;1,00;3438,77;3438,77;1,19;4090,35
CASTELLON;ALTO MILLARES;TOGA;TUBERCULOS C. HUMANO;PATATA MEDIA ESTACION;1,00;3438,77;3438,77;1,19;4090,35
CASTELLON;ALTO MILLARES;TORRALBA DEL PINAR;CEREALES PARA GRANO;TRIGO;5,00;3438,77;17193,84;1,19;20451,76
CASTELLON;ALTO MILLARES;TORRECHIVA;HORTALIZAS;TOMATE;1,00;3438,77;3438,77;1,19;4090,35
CASTELLON;ALTO MILLARES;VALLAT;CITRICOS;MANDARINO;17,00;3438,77;58459,06;1,19;69535,99
CASTELLON;ALTO MILLARES;VILLAHERMOSA DEL RIO;CEREALES PARA GRANO;TRIGO;28,00;3438,77;96285,51;1,19;114529,86
CASTELLON;ALTO MILLARES;VILLAMALUR;HORTALIZAS;HABA VERDE;1,00;3438,77;3438,77;1,19;4090,35
CASTELLON;ALTO MILLARES;VILLANUEVA DE VIVER;TUBERCULOS C. HUMANO;PATATA TARDIA;1,00;3438,77;3438,77;1,19;4090,35
CASTELLON;ALTO MILLARES;ZUCAINA;CEREALES PARA GRANO;TRIGO;25,00;3438,77;85969,20;1,19;102258,80
CASTELLON;ALTO PALANCIA;ALGIMIA DE ALMONACID;FRUTALES;PERAL;2,00;3438,77;6877,54;1,19;8180,70
CASTELLON;ALTO PALANCIA;ALMEDIJAR;HORTALIZAS;TOMATE;1,00;3438,77;3438,77;1,19;4090,35
CASTELLON;ALTO PALANCIA;ALTURA;CEREALES PARA GRANO;TRIGO;3,00;3438,77;10316,30;1,19;12271,06
CASTELLON;ALTO PALANCIA;AZUEBAR;TUBERCULOS C. HUMANO;PATATA MEDIA ESTACION;1,00;3438,77;3438,77;1,19;4090,35
CASTELLON;ALTO PALANCIA;BARRACAS;CEREALES PARA GRANO;TRIGO;104,00;3438,77;357631,88;1,19;425396,62
CASTELLON;ALTO PALANCIA;BEJIS;TUBERCULOS C. HUMANO;PATATA MEDIA ESTACION;1,00;3438,77;3438,77;1,19;4090,35
CASTELLON;ALTO PALANCIA;BENAFER;CEREALES PARA GRANO;CEBADA;1,00;3438,77;3438,77;1,19;4090,35
CASTELLON;ALTO PALANCIA;CASTELLNOVO;FLORES Y P. ORNAMENTALES;OTRAS FLORES;1,00;3438,77;3438,77;1,19;4090,35
CASTELLON;ALTO PALANCIA;CAUDIEL;CEREALES PARA GRANO;CEBADA;1,00;3438,77;3438,77;1,19;4090,35
CASTELLON;ALTO PALANCIA;CHOVAR;HORTALIZAS;TOMATE;1,00;3438,77;3438,77;1,19;4090,35
CASTELLON;ALTO PALANCIA;GAIBIEL;FLORES Y P. ORNAMENTALES;PLANTAS ORNAMENTALES;1,00;3438,77;3438,77;1,19;4090,35
CASTELLON;ALTO PALANCIA;GELDO;FLORES Y P. ORNAMENTALES;PLANTAS ORNAMENTALES;2,00;3438,77;6877,54;1,19;8180,70
CASTELLON;ALTO PALANCIA;HIGUERAS;TUBERCULOS C. HUMANO;PATATA TARDIA;1,00;3438,77;3438,77;1,19;4090,35
CASTELLON;ALTO PALANCIA;JERICA;CEREALES PARA GRANO;AVENA;3,00;3438,77;10316,30;1,19;12271,06
CASTELLON;ALTO PALANCIA;MATET;TUBERCULOS C. HUMANO;PATATA MEDIA ESTACION;1,00;3438,77;3438,77;1,19;4090,35
CASTELLON;ALTO PALANCIA;NAVAJAS;TUBERCULOS C. HUMANO;PATATA MEDIA ESTACION;1,00;3438,77;3438,77;1,19;4090,35
CASTELLON;ALTO PALANCIA;PAVIAS;HORTALIZAS;TOMATE;1,00;3438,77;3438,77;1,19;4090,35
CASTELLON;ALTO PALANCIA;PINA DE MONTALGRAO;CEREALES PARA GRANO;TRIGO;3,00;3438,77;10316,30;1,19;12271,06
CASTELLON;ALTO PALANCIA;SACANET;CEREALES PARA GRANO;TRIGO;1,00;3438,77;3438,77;1,19;4090,35
CASTELLON;ALTO PALANCIA;SEGORBE;CEREALES PARA GRANO;TRIGO;1,00;3438,77;3438,77;1,19;4090,35
CASTELLON;ALTO PALANCIA;SONEJA;HORTALIZAS;TOMATE;1,00;3438,77;3438,77;1,19;4090,35
CASTELLON;ALTO PALANCIA;SOT DE FERRER;FLORES Y P. ORNAMENTALES;PLANTAS ORNAMENTALES;1,00;3438,77;3438,77;1,19;4090,35
CASTELLON;ALTO PALANCIA;TERESA;HORTALIZAS;LECHUGA;1,00;3438,77;3438,77;1,19;4090,35
CASTELLON;ALTO PALANCIA;TORAS;CEREALES PARA GRANO;AVENA;1,00;3438,77;3438,77;1,19;4090,35
CASTELLON;ALTO PALANCIA;TORO (EL);CEREALES PARA GRANO;TRIGO;88,00;3438,77;302611,59;1,19;359950,99
CASTELLON;ALTO PALANCIA;VALL DE ALMONACID;FLORES Y P. ORNAMENTALES;PLANTAS ORNAMENTALES;1,00;3438,77;3438,77;1,19;4090,35
CASTELLON;ALTO PALANCIA;VIVER;CEREALES PARA GRANO;CEBADA;1,00;3438,77;3438,77;1,19;4090,35
CASTELLON;EL BAIX MAESTRAT;ALCALA DE XIVERT;CEREALES PARA GRANO;TRIGO;7,00;3438,77;24071,38;1,19;28632,46
CASTELLON;EL BAIX MAESTRAT;BENICARLO;CEREALES PARA GRANO;AVENA;1,00;3438,77;3438,77;1,19;4090,35
CASTELLON;EL BAIX MAESTRAT;CALIG;CEREALES PARA GRANO;CEBADA;1,00;3438,77;3438,77;1,19;4090,35
CASTELLON;EL BAIX MAESTRAT;CANET LO ROIG;CEREALES PARA GRANO;TRIGO;1,00;3438,77;3438,77;1,19;4090,35
CASTELLON;EL BAIX MAESTRAT;CASTELL DE CABRES;CEREALES PARA GRANO;AVENA;10,00;3438,77;34387,68;1,19;40903,52
CASTELLON;EL BAIX MAESTRAT;CERVERA DEL MAESTRE;CEREALES PARA GRANO;CEBADA;2,00;3438,77;6877,54;1,19;8180,70
CASTELLON;EL BAIX MAESTRAT;CHERT/XERT;CEREALES PARA GRANO;TRIGO;1,00;3438,77;3438,77;1,19;4090,35
CASTELLON;EL BAIX MAESTRAT;JANA (LA);CEREALES PARA GRANO;TRIGO;8,00;3438,77;27510,14;1,19;32722,82
CASTELLON;EL BAIX MAESTRAT;PENISCOLA/PENISCOLA;CEREALES PARA GRANO;CEBADA;1,00;3438,77;3438,77;1,19;4090,35
CASTELLON;EL BAIX MAESTRAT;POBLA DE BENIFASSA (LA);CEREALES PARA GRANO;TRIGO;1,00;3438,77;3438,77;1,19;4090,35
CASTELLON;EL BAIX MAESTRAT;ROSSELL;CEREALES PARA GRANO;TRIGO;2,00;3438,77;6877,54;1,19;8180,70
CASTELLON;EL BAIX MAESTRAT;SALZADELLA (LA);CEREALES PARA GRANO;TRIGO;10,00;3438,77;34387,68;1,19;40903,52
CASTELLON;EL BAIX MAESTRAT;SAN RAFAEL DEL RIO;CEREALES PARA GRANO;CEBADA;8,00;3438,77;27510,14;1,19;32722,82
CASTELLON;EL BAIX MAESTRAT;SANT JORDI/SAN JORGE;TUBERCULOS C. HUMANO;PATATA MEDIA ESTACION;1,00;3438,77;3438,77;1,19;4090,35
CASTELLON;EL BAIX MAESTRAT;SANT MATEU;CEREALES PARA GRANO;TRIGO;13,00;3438,77;44703,99;1,19;53174,58
CASTELLON;EL BAIX MAESTRAT;SANTA MAGDALENA DE PULPIS;CEREALES PARA GRANO;CEBADA;7,00;3438,77;24071,38;1,19;28632,46
CASTELLON;EL BAIX MAESTRAT;TRAIGUERA;CEREALES PARA GRANO;TRIGO;2,00;3438,77;6877,54;1,19;8180,70
CASTELLON;EL BAIX MAESTRAT;VINAROS;CEREALES PARA GRANO;TRIGO;2,00;3438,77;6877,54;1,19;8180,70
CASTELLON;ELS PORTS;CASTELLFORT;CEREALES PARA GRANO;TRIGO;2,00;3438,77;6877,54;1,19;8180,70
CASTELLON;ELS PORTS;CINCTORRES;CEREALES PARA GRANO;TRIGO;8,00;3438,77;27510,14;1,19;32722,82
CASTELLON;ELS PORTS;FORCALL;CEREALES PARA GRANO;TRIGO;19,00;3438,77;65336,59;1,19;77716,69
CASTELLON;ELS PORTS;HERBES;CEREALES PARA GRANO;CEBADA;9,00;3438,77;30948,91;1,19;36813,17
CASTELLON;ELS PORTS;MATA DE MORELLA (LA);CEREALES PARA GRANO;TRIGO;18,00;3438,77;61897,83;1,19;73626,34
CASTELLON;ELS PORTS;MORELLA;CEREALES PARA GRANO;TRIGO;122,00;3438,77;419529,71;1,19;499022,96
CASTELLON;ELS PORTS;OLOCAU DEL REY;CEREALES PARA GRANO;TRIGO;55,00;3438,77;189132,25;1,19;224969,37
CASTELLON;ELS PORTS;PALANQUES;CEREALES PARA GRANO;TRIGO;1,00;3438,77;3438,77;1,19;4090,35
CASTELLON;ELS PORTS;PORTELL DE MORELLA;CEREALES PARA GRANO;TRIGO;6,00;3438,77;20632,61;1,19;24542,11
CASTELLON;ELS PORTS;TODOLELLA;CEREALES PARA GRANO;TRIGO;30,00;3438,77;103163,04;1,19;122710,56
CASTELLON;ELS PORTS;VALLIBONA;CEREALES PARA GRANO;AVENA;14,00;3438,77;48142,75;1,19;57264,93
CASTELLON;ELS PORTS;VILLORES;CEREALES PARA GRANO;TRIGO;8,00;3438,77;27510,14;1,19;32722,82
CASTELLON;ELS PORTS;ZORITA DEL MAESTRAZGO;CEREALES PARA GRANO;TRIGO;7,00;3438,77;24071,38;1,19;28632,46
CASTELLON;L'ALCALATEN;ALCORA (L');CEREALES PARA GRANO;AVENA;6,00;3438,77;20632,61;1,19;24542,11
CASTELLON;L'ALCALATEN;ATZENETA DEL MAESTRAT;CEREALES PARA GRANO;TRIGO;4,00;3438,77;13755,07;1,19;16361,41
CASTELLON;L'ALCALATEN;BENAFIGOS;CEREALES PARA GRANO;TRIGO;1,00;3438,77;3438,77;1,19;4090,35
CASTELLON;L'ALCALATEN;CHODOS/XODOS;CEREALES PARA GRANO;AVENA;1,00;3438,77;3438,77;1,19;4090,35
CASTELLON;L'ALCALATEN;COSTUR;CEREALES PARA GRANO;AVENA;1,00;3438,77;3438,77;1,19;4090,35
CASTELLON;L'ALCALATEN;FIGUEROLES;CEREALES PARA GRANO;AVENA;2,00;3438,77;6877,54;1,19;8180,70
CASTELLON;L'ALCALATEN;LUCENA DEL CID;CEREALES PARA GRANO;TRIGO;1,00;3438,77;3438,77;1,19;4090,35
CASTELLON;L'ALCALATEN;USERAS/USERES (LES);CEREALES PARA GRANO;TRIGO;1,00;3438,77;3438,77;1,19;4090,35
CASTELLON;L'ALCALATEN;VISTABELLA DEL MAESTRAZGO;CEREALES PARA GRANO;TRIGO;6,00;3438,77;20632,61;1,19;24542,11
CASTELLON;L'ALT MAESTRAT;ALBOCASSER;CEREALES PARA GRANO;TRIGO;3,00;3438,77;10316,30;1,19;12271,06
CASTELLON;L'ALT MAESTRAT;ARES DEL MAESTRAT;CEREALES PARA GRANO;TRIGO;4,00;3438,77;13755,07;1,19;16361,41
CASTELLON;L'ALT MAESTRAT;BENASAL;CEREALES PARA GRANO;TRIGO;8,00;3438,77;27510,14;1,19;32722,82
CASTELLON;L'ALT MAESTRAT;CATI;CEREALES PARA GRANO;TRIGO;28,00;3438,77;96285,51;1,19;114529,86
CASTELLON;L'ALT MAESTRAT;CULLA;CEREALES PARA GRANO;TRIGO;2,00;3438,77;6877,54;1,19;8180,70
CASTELLON;L'ALT MAESTRAT;TIRIG;CEREALES PARA GRANO;CEBADA;4,00;3438,77;13755,07;1,19;16361,41
CASTELLON;L'ALT MAESTRAT;TORRE D'EN BESORA (LA);CEREALES PARA GRANO;CEBADA;4,00;3438,77;13755,07;1,19;16361,41
CASTELLON;L'ALT MAESTRAT;VILAR DE CANES;CEREALES PARA GRANO;CEBADA;1,00;3438,77;3438,77;1,19;4090,35
CASTELLON;L'ALT MAESTRAT;VILLAFRANCA DEL CID/VILAFRANCA;CEREALES PARA GRANO;TRIGO;17,00;3438,77;58459,06;1,19;69535,99
CASTELLON;LA PLANA ALTA;ALMAZORA/ALMASSORA;TUBERCULOS C. HUMANO;PATATA TEMPRANA;6,00;3438,77;20632,61;1,19;24542,11
CASTELLON;LA PLANA ALTA;BENICASIM/BENICASSIM;TUBERCULOS C. HUMANO;PATATA MEDIA ESTACION;1,00;3438,77;3438,77;1,19;4090,35
CASTELLON;LA PLANA ALTA;BENLLOCH;CEREALES PARA GRANO;TRIGO;6,00;3438,77;20632,61;1,19;24542,11
CASTELLON;LA PLANA ALTA;BORRIOL;HORTALIZAS;COL Y REPOLLO;6,00;3438,77;20632,61;1,19;24542,11
CASTELLON;LA PLANA ALTA;CABANES;CEREALES PARA GRANO;CEBADA;9,00;3438,77;30948,91;1,19;36813,17
CASTELLON;LA PLANA ALTA;CASTELLO DE LA PLANA;CEREALES PARA GRANO;AVENA;1,00;3438,77;3438,77;1,19;4090,35
CASTELLON;LA PLANA ALTA;COVES DE VINROMA (LES);CEREALES PARA GRANO;CEBADA;83,00;3438,77;285417,75;1,19;339499,23
CASTELLON;LA PLANA ALTA;OROPESA DEL MAR/ORPESA;TUBERCULOS C. HUMANO;PATATA TEMPRANA;7,00;3438,77;24071,38;1,19;28632,46
CASTELLON;LA PLANA ALTA;POBLA TORNESA (LA);CEREALES PARA GRANO;CEBADA;1,00;3438,77;3438,77;1,19;4090,35
CASTELLON;LA PLANA ALTA;SANT JOAN DE MORO;CEREALES PARA GRANO;CEBADA;1,00;3438,77;3438,77;1,19;4090,35
CASTELLON;LA PLANA ALTA;SARRATELLA;CEREALES PARA GRANO;AVENA;3,00;3438,77;10316,30;1,19;12271,06
CASTELLON;LA PLANA ALTA;SIERRA ENGARCERAN;CEREALES PARA GRANO;AVENA;5,00;3438,77;17193,84;1,19;20451,76
CASTELLON;LA PLANA ALTA;TORRE D'EN DOMENEC (LA);CEREALES PARA GRANO;TRIGO;1,00;3438,77;3438,77;1,19;4090,35
CASTELLON;LA PLANA ALTA;TORREBLANCA;CEREALES PARA GRANO;AVENA;1,00;3438,77;3438,77;1,19;4090,35
CASTELLON;LA PLANA ALTA;VALL D'ALBA;CEREALES PARA GRANO;TRIGO;19,00;3438,77;65336,59;1,19;77716,69
CASTELLON;LA PLANA ALTA;VILAFAMES;CEREALES PARA GRANO;TRIGO;2,00;3438,77;6877,54;1,19;8180,70
CASTELLON;LA PLANA ALTA;VILANOVA D'ALCOLEA;CEREALES PARA GRANO;TRIGO;5,00;3438,77;17193,84;1,19;20451,76
CASTELLON;LA PLANA BAIXA;AIN;HORTALIZAS;CEBOLLA;1,00;3438,77;3438,77;1,19;4090,35
CASTELLON;LA PLANA BAIXA;ALCUDIA DE VEO;HORTALIZAS;TOMATE;1,00;3438,77;3438,77;1,19;4090,35
CASTELLON;LA PLANA BAIXA;ALFONDEGUILLA;HORTALIZAS;LECHUGA;1,00;3438,77;3438,77;1,19;4090,35
CASTELLON;LA PLANA BAIXA;ALMENARA;TUBERCULOS C. HUMANO;PATATA TEMPRANA;20,00;3438,77;68775,36;1,19;81807,04
CASTELLON;LA PLANA BAIXA;ALQUERIAS DEL NINO PERDIDO;CEREALES PARA GRANO;CEBADA;1,00;3438,77;3438,77;1,19;4090,35
CASTELLON;LA PLANA BAIXA;ARTANA;HORTALIZAS;COL Y REPOLLO;5,00;3438,77;17193,84;1,19;20451,76
CASTELLON;LA PLANA BAIXA;BETXI;CITRICOS;NARANJO DULCE;77,00;3438,77;264785,14;1,19;314957,11
CASTELLON;LA PLANA BAIXA;BORRIANA/BURRIANA;CULTIVOS INDUSTRIALES;OTROS CULTIVOS INDUSTRIA.;1,00;3438,77;3438,77;1,19;4090,35
CASTELLON;LA PLANA BAIXA;CHILCHES/XILXES;CEREALES PARA GRANO;CEBADA;1,00;3438,77;3438,77;1,19;4090,35
CASTELLON;LA PLANA BAIXA;ESLIDA;TUBERCULOS C. HUMANO;PATATA TEMPRANA;4,00;3438,77;13755,07;1,19;16361,41
CASTELLON;LA PLANA BAIXA;LLOSA (LA);CEREALES PARA GRANO;ARROZ (CASCARA);45,00;3438,77;154744,57;1,19;184065,85
CASTELLON;LA PLANA BAIXA;MONCOFA;CEREALES PARA GRANO;AVENA;1,00;3438,77;3438,77;1,19;4090,35
CASTELLON;LA PLANA BAIXA;NULES;CEREALES PARA GRANO;TRIGO;1,00;3438,77;3438,77;1,19;4090,35
CASTELLON;LA PLANA BAIXA;ONDA;CULTIVOS FORRAJEROS;ALFALFA;2,00;3438,77;6877,54;1,19;8180,70
CASTELLON;LA PLANA BAIXA;RIBESALBES;HORTALIZAS;COL Y REPOLLO;5,00;3438,77;17193,84;1,19;20451,76
CASTELLON;LA PLANA BAIXA;SUERAS/SUERA;TUBERCULOS C. HUMANO;PATATA MEDIA ESTACION;1,00;3438,77;3438,77;1,19;4090,35
CASTELLON;LA PLANA BAIXA;TALES;TUBERCULOS C. HUMANO;PATATA MEDIA ESTACION;1,00;3438,77;3438,77;1,19;4090,35
CASTELLON;LA PLANA BAIXA;VALL D'UIXO (LA);TUBERCULOS C. HUMANO;PATATA TEMPRANA;8,00;3438,77;27510,14;1,19;32722,82
CASTELLON;LA PLANA BAIXA;VILA-REAL;CEREALES PARA GRANO;AVENA;1,00;3438,77;3438,77;1,19;4090,35
CASTELLON;LA PLANA BAIXA;VILAVELLA (LA);HORTALIZAS;TOMATE;1,00;3438,77;3438,77;1,19;4090,35
VALENCIA;EL CAMP DE MORVEDRE;ALBALAT DELS TARONGERS;TUBERCULOS C. HUMANO;BONIATO Y BATATA;7,00;3438,77;24071,38;1,19;28632,46
VALENCIA;EL CAMP DE MORVEDRE;ALFARA DE LA BARONIA;CITRICOS;NARANJO DULCE;62,00;3438,77;213203,62;1,19;253601,83
VALENCIA;EL CAMP DE MORVEDRE;ALGAR DE PALANCIA;CITRICOS;NARANJO DULCE;66,00;3438,77;226958,70;1,19;269963,24
VALENCIA;EL CAMP DE MORVEDRE;ALGIMIA DE ALFARA;CITRICOS;NARANJO DULCE;89,00;3438,77;306050,36;1,19;364041,34
VALENCIA;EL CAMP DE MORVEDRE;BENAVITES;HORTALIZAS;SANDIA;1,00;3438,77;3438,77;1,19;4090,35
VALENCIA;EL CAMP DE MORVEDRE;BENIFAIRO DE LES VALLS;CITRICOS;NARANJO DULCE;53,00;3438,77;182254,71;1,19;216788,66
VALENCIA;EL CAMP DE MORVEDRE;CANET D'EN BERENGUER;CITRICOS;NARANJO DULCE;79,00;3438,77;271662,68;1,19;323137,82
VALENCIA;EL CAMP DE MORVEDRE;ESTIVELLA;FLORES Y P. ORNAMENTALES;PLANTAS ORNAMENTALES;1,00;3438,77;3438,77;1,19;4090,35
VALENCIA;EL CAMP DE MORVEDRE;FAURA;HORTALIZAS;CALABACIN;2,00;3438,77;6877,54;1,19;8180,70
VALENCIA;EL CAMP DE MORVEDRE;GILET;CITRICOS;NARANJO DULCE;30,00;3438,77;103163,04;1,19;122710,56
VALENCIA;EL CAMP DE MORVEDRE;PETRES;CITRICOS;NARANJO DULCE;36,00;3438,77;123795,65;1,19;147252,68
VALENCIA;EL CAMP DE MORVEDRE;QUART DE LES VALLS;CITRICOS;NARANJO DULCE;89,00;3438,77;306050,36;1,19;364041,34
VALENCIA;EL CAMP DE MORVEDRE;QUARTELL;HORTALIZAS;MELON;7,00;3438,77;24071,38;1,19;28632,46
VALENCIA;EL CAMP DE MORVEDRE;SAGUNTO/SAGUNT;CEREALES PARA GRANO;AVENA;7,00;3438,77;24071,38;1,19;28632,46
VALENCIA;EL CAMP DE MORVEDRE;SEGART;CITRICOS;NARANJO DULCE;1,00;3438,77;3438,77;1,19;4090,35
VALENCIA;EL CAMP DE MORVEDRE;TORRES TORRES;CITRICOS;NARANJO DULCE;37,00;3438,77;127234,42;1,19;151343,03
VALENCIA;EL CAMP DE TURIA;BENAGUASIL;CULTIVOS INDUSTRIALES;OTROS CULTIVOS INDUSTRIA.;1,00;3438,77;3438,77;1,19;4090,35
VALENCIA;EL CAMP DE TURIA;BENISANO;FLORES Y P. ORNAMENTALES;PLANTAS ORNAMENTALES;2,00;3438,77;6877,54;1,19;8180,70
VALENCIA;EL CAMP DE TURIA;BETERA;CEREALES PARA GRANO;MAIZ;9,00;3438,77;30948,91;1,19;36813,17
VALENCIA;EL CAMP DE TURIA;CASINOS;FLORES Y P. ORNAMENTALES;PLANTAS ORNAMENTALES;5,00;3438,77;17193,84;1,19;20451,76
VALENCIA;EL CAMP DE TURIA;ELIANA (L');HORTALIZAS;SANDIA;1,00;3438,77;3438,77;1,19;4090,35
VALENCIA;EL CAMP DE TURIA;GATOVA;HORTALIZAS;COLIFLOR;1,00;3438,77;3438,77;1,19;4090,35
VALENCIA;EL CAMP DE TURIA;LLIRIA;FLORES Y P. ORNAMENTALES;ROSA;1,00;3438,77;3438,77;1,19;4090,35
VALENCIA;EL CAMP DE TURIA;LORIGUILLA;HORTALIZAS;TOMATE;2,00;3438,77;6877,54;1,19;8180,70
VALENCIA;EL CAMP DE TURIA;MARINES;CULTIVOS FORRAJEROS;ALFALFA;2,00;3438,77;6877,54;1,19;8180,70
VALENCIA;EL CAMP DE TURIA;NAQUERA;TUBERCULOS C. HUMANO;BONIATO Y BATATA;1,00;3438,77;3438,77;1,19;4090,35
VALENCIA;EL CAMP DE TURIA;OLOCAU;FLORES Y P. ORNAMENTALES;PLANTAS ORNAMENTALES;3,00;3438,77;10316,30;1,19;12271,06
VALENCIA;EL CAMP DE TURIA;POBLA DE VALLBONA (LA);CEREALES PARA GRANO;AVENA;1,00;3438,77;3438,77;1,19;4090,35
VALENCIA;EL CAMP DE TURIA;RIBA-ROJA DE TURIA;FLORES Y P. ORNAMENTALES;PLANTAS ORNAMENTALES;9,00;3438,77;30948,91;1,19;36813,17
VALENCIA;EL CAMP DE TURIA;SAN ANTONIO DE BENAGEBER;CEREALES PARA GRANO;AVENA;4,00;3438,77;13755,07;1,19;16361,41
VALENCIA;EL CAMP DE TURIA;SERRA;CITRICOS;NARANJO DULCE;150,00;3438,77;515815,22;1,19;613552,82
VALENCIA;EL CAMP DE TURIA;VILAMARXANT;FLORES Y P. ORNAMENTALES;PLANTAS ORNAMENTALES;4,00;3438,77;13755,07;1,19;16361,41
VALENCIA;EL VALLE DE AYORA;AYORA;CEREALES PARA GRANO;TRIGO;567,00;3438,77;1949781,52;1,19;2319229,66
VALENCIA;EL VALLE DE AYORA;COFRENTES;CEREALES PARA GRANO;TRIGO;30,00;3438,77;103163,04;1,19;122710,56
VALENCIA;EL VALLE DE AYORA;CORTES DE PALLAS;CEREALES PARA GRANO;TRIGO;10,00;3438,77;34387,68;1,19;40903,52
VALENCIA;EL VALLE DE AYORA;JALANCE;HORTALIZAS;SANDIA;1,00;3438,77;3438,77;1,19;4090,35
VALENCIA;EL VALLE DE AYORA;JARAFUEL;CEREALES PARA GRANO;TRIGO;50,00;3438,77;171938,41;1,19;204517,61
VALENCIA;EL VALLE DE AYORA;TERESA DE COFRENTES;CEREALES PARA GRANO;CEBADA;5,00;3438,77;17193,84;1,19;20451,76
VALENCIA;EL VALLE DE AYORA;ZARRA;CEREALES PARA GRANO;TRIGO;85,00;3438,77;292295,29;1,19;347679,93
VALENCIA;L'HORTA NORD;ALBALAT DELS SORELLS;TUBERCULOS C. HUMANO;PATATA TEMPRANA;4,00;3438,77;13755,07;1,19;16361,41
VALENCIA;L'HORTA NORD;ALBORAYA;CEREALES PARA GRANO;AVENA;1,00;3438,77;3438,77;1,19;4090,35
VALENCIA;L'HORTA NORD;ALBUIXECH;TUBERCULOS C. HUMANO;PATATA TEMPRANA;36,00;3438,77;123795,65;1,19;147252,68
VALENCIA;L'HORTA NORD;ALFARA DEL PATRIARCA;TUBERCULOS C. HUMANO;PATATA TARDIA;6,00;3438,77;20632,61;1,19;24542,11
VALENCIA;L'HORTA NORD;ALMASSERA;TUBERCULOS C. HUMANO;PATATA TEMPRANA;19,00;3438,77;65336,59;1,19;77716,69
VALENCIA;L'HORTA NORD;BONREPOS I MIRAMBELL;TUBERCULOS C. HUMANO;PATATA TEMPRANA;10,00;3438,77;34387,68;1,19;40903,52
VALENCIA;L'HORTA NORD;BURJASSOT;TUBERCULOS C. HUMANO;PATATA TEMPRANA;5,00;3438,77;17193,84;1,19;20451,76
VALENCIA;L'HORTA NORD;FOIOS;TUBERCULOS C. HUMANO;PATATA TEMPRANA;15,00;3438,77;51581,52;1,19;61355,28
VALENCIA;L'HORTA NORD;GODELLA;TUBERCULOS C. HUMANO;CHUFA;11,00;3438,77;37826,45;1,19;44993,87
VALENCIA;L'HORTA NORD;MASSALFASSAR;TUBERCULOS C. HUMANO;PATATA TEMPRANA;5,00;3438,77;17193,84;1,19;20451,76
VALENCIA;L'HORTA NORD;MASSAMAGRELL;TUBERCULOS C. HUMANO;PATATA TEMPRANA;3,00;3438,77;10316,30;1,19;12271,06
VALENCIA;L'HORTA NORD;MELIANA;TUBERCULOS C. HUMANO;PATATA TEMPRANA;20,00;3438,77;68775,36;1,19;81807,04
VALENCIA;L'HORTA NORD;MONCADA;TUBERCULOS C. HUMANO;PATATA TEMPRANA;12,00;3438,77;41265,22;1,19;49084,23
VALENCIA;L'HORTA NORD;MUSEROS;TUBERCULOS C. HUMANO;PATATA TEMPRANA;5,00;3438,77;17193,84;1,19;20451,76
VALENCIA;L'HORTA NORD;POBLA DE FARNALS (LA);TUBERCULOS C. HUMANO;PATATA TEMPRANA;11,00;3438,77;37826,45;1,19;44993,87
VALENCIA;L'HORTA NORD;PUCOL;OTROS HERBACEOS;QUINOA;6,00;3438,77;20632,61;1,19;24542,11
VALENCIA;L'HORTA NORD;PUIG;TUBERCULOS C. HUMANO;PATATA TEMPRANA;8,00;3438,77;27510,14;1,19;32722,82
VALENCIA;L'HORTA NORD;RAFELBUNOL/RAFELBUNYOL;FLORES Y P. ORNAMENTALES;PLANTAS ORNAMENTALES;1,00;3438,77;3438,77;1,19;4090,35
VALENCIA;L'HORTA NORD;ROCAFORT;TUBERCULOS C. HUMANO;CHUFA;4,00;3438,77;13755,07;1,19;16361,41
VALENCIA;L'HORTA NORD;TAVERNES BLANQUES;TUBERCULOS C. HUMANO;CHUFA;1,00;3438,77;3438,77;1,19;4090,35
VALENCIA;L'HORTA NORD;VINALESA;TUBERCULOS C. HUMANO;PATATA TEMPRANA;5,00;3438,77;17193,84;1,19;20451,76
VALENCIA;L'HORTA OEST;ALAQUAS;CULTIVOS INDUSTRIALES;OTROS CULTIVOS INDUSTRIA.;1,00;3438,77;3438,77;1,19;4090,35
VALENCIA;L'HORTA OEST;ALDAIA;CEREALES PARA GRANO;AVENA;1,00;3438,77;3438,77;1,19;4090,35
VALENCIA;L'HORTA OEST;MANISES;CEREALES PARA GRANO;AVENA;1,00;3438,77;3438,77;1,19;4090,35
VALENCIA;L'HORTA OEST;MISLATA;HORTALIZAS;ALCACHOFA;2,00;3438,77;6877,54;1,19;8180,70
VALENCIA;L'HORTA OEST;PATERNA;CEREALES PARA GRANO;AVENA;1,00;3438,77;3438,77;1,19;4090,35
VALENCIA;L'HORTA OEST;PICANYA;TUBERCULOS C. HUMANO;PATATA TARDIA;3,00;3438,77;10316,30;1,19;12271,06
VALENCIA;L'HORTA OEST;QUART DE POBLET;TUBERCULOS C. HUMANO;PATATA TEMPRANA;1,00;3438,77;3438,77;1,19;4090,35
VALENCIA;L'HORTA OEST;TORRENT;CEREALES PARA GRANO;AVENA;2,00;3438,77;6877,54;1,19;8180,70
VALENCIA;L'HORTA OEST;XIRIVELLA;TUBERCULOS C. HUMANO;PATATA TEMPRANA;6,00;3438,77;20632,61;1,19;24542,11
VALENCIA;L'HORTA SUD;ALBAL;CEREALES PARA GRANO;ARROZ (CASCARA);65,00;3438,77;223519,93;1,19;265872,89
VALENCIA;L'HORTA SUD;ALCASSER;TUBERCULOS C. HUMANO;PATATA TEMPRANA;13,00;3438,77;44703,99;1,19;53174,58
VALENCIA;L'HORTA SUD;ALFAFAR;CEREALES PARA GRANO;ARROZ (CASCARA);635,00;3438,77;2183617,75;1,19;2597373,61
VALENCIA;L'HORTA SUD;BENETUSSER;VIVEROS;VIVEROS;1,00;3438,77;3438,77;1,19;4090,35
VALENCIA;L'HORTA SUD;BENIPARRELL;CEREALES PARA GRANO;TRIGO;2,00;3438,77;6877,54;1,19;8180,70
VALENCIA;L'HORTA SUD;CATARROJA;CEREALES PARA GRANO;ARROZ (CASCARA);364,00;3438,77;1251711,59;1,19;1488888,18
VALENCIA;L'HORTA SUD;LLOCNOU DE LA CORONA;VIVEROS;VIVEROS;1,00;3438,77;3438,77;1,19;4090,35
VALENCIA;L'HORTA SUD;MASSANASSA;CEREALES PARA GRANO;ARROZ (CASCARA);238,00;3438,77;818426,81;1,19;973503,81
VALENCIA;L'HORTA SUD;PAIPORTA;TUBERCULOS C. HUMANO;PATATA TEMPRANA;5,00;3438,77;17193,84;1,19;20451,76
VALENCIA;L'HORTA SUD;PICASSENT;TUBERCULOS C. HUMANO;PATATA TEMPRANA;3,00;3438,77;10316,30;1,19;12271,06
VALENCIA;L'HORTA SUD;SEDAVI;CEREALES PARA GRANO;ARROZ (CASCARA);17,00;3438,77;58459,06;1,19;69535,99
VALENCIA;L'HORTA SUD;SILLA;CEREALES PARA GRANO;TRIGO;2,00;3438,77;6877,54;1,19;8180,70
VALENCIA;LA CANAL DE NAVARRES;ANNA;CEREALES PARA GRANO;AVENA;3,00;3438,77;10316,30;1,19;12271,06
VALENCIA;LA CANAL DE NAVARRES;BICORP;CEREALES PARA GRANO;TRIGO;8,00;3438,77;27510,14;1,19;32722,82
VALENCIA;LA CANAL DE NAVARRES;BOLBAITE;CULTIVOS INDUSTRIALES;TABACO (SECO NO FERMENT.);1,00;3438,77;3438,77;1,19;4090,35
VALENCIA;LA CANAL DE NAVARRES;CHELLA;CEREALES PARA GRANO;AVENA;7,00;3438,77;24071,38;1,19;28632,46
VALENCIA;LA CANAL DE NAVARRES;ENGUERA;CEREALES PARA GRANO;TRIGO;1,00;3438,77;3438,77;1,19;4090,35
VALENCIA;LA CANAL DE NAVARRES;MILLARES;HORTALIZAS;PIMIENTO;2,00;3438,77;6877,54;1,19;8180,70
VALENCIA;LA CANAL DE NAVARRES;NAVARRES;CEREALES PARA GRANO;AVENA;1,00;3438,77;3438,77;1,19;4090,35
VALENCIA;LA CANAL DE NAVARRES;QUESA;CEREALES PARA GRANO;AVENA;1,00;3438,77;3438,77;1,19;4090,35
VALENCIA;LA COSTERA;ALCUDIA DE CRESPINS (L');HORTALIZAS;PEREJIL;1,00;3438,77;3438,77;1,19;4090,35
VALENCIA;LA COSTERA;BARXETA;CEREALES PARA GRANO;SORGO;2,00;3438,77;6877,54;1,19;8180,70
VALENCIA;LA COSTERA;CANALS;HORTALIZAS;COL Y REPOLLO;3,00;3438,77;10316,30;1,19;12271,06
VALENCIA;LA COSTERA;CERDA;HORTALIZAS;ESPINACA;2,00;3438,77;6877,54;1,19;8180,70
VALENCIA;LA COSTERA;ESTUBENY;CITRICOS;NARANJO DULCE;78,00;3438,77;268223,91;1,19;319047,47
VALENCIA;LA COSTERA;FONT DE LA FIGUERA (LA);CEREALES PARA GRANO;TRIGO;14,00;3438,77;48142,75;1,19;57264,93
VALENCIA;LA COSTERA;GENOVES;FLORES Y P. ORNAMENTALES;PLANTAS ORNAMENTALES;1,00;3438,77;3438,77;1,19;4090,35
VALENCIA;LA COSTERA;GRANJA DE LA COSTERA (LA);HORTALIZAS;AJO TIERNO;1,00;3438,77;3438,77;1,19;4090,35
VALENCIA;LA COSTERA;LLANERA DE RANES;FLORES Y P. ORNAMENTALES;PLANTAS ORNAMENTALES;3,00;3438,77;10316,30;1,19;12271,06
VALENCIA;LA COSTERA;LLOCNOU D'EN FENOLLET;CEREALES PARA GRANO;AVENA;1,00;3438,77;3438,77;1,19;4090,35
VALENCIA;LA COSTERA;LLOSA DE RANES (LA);HORTALIZAS;AJO TIERNO;6,00;3438,77;20632,61;1,19;24542,11
VALENCIA;LA COSTERA;MOGENTE/MOIXENT;CEREALES PARA GRANO;TRIGO;51,00;3438,77;175377,17;1,19;208607,96
VALENCIA;LA COSTERA;MONTESA;CULTIVOS INDUSTRIALES;LAVANDA Y LAVANDIN;3,00;3438,77;10316,30;1,19;12271,06
VALENCIA;LA COSTERA;NOVELE/NOVETLE;HORTALIZAS;LECHUGA;1,00;3438,77;3438,77;1,19;4090,35
VALENCIA;LA COSTERA;ROTGLA I CORBERA;HORTALIZAS;LECHUGA;5,00;3438,77;17193,84;1,19;20451,76
VALENCIA;LA COSTERA;TORRELLA;FLORES Y P. ORNAMENTALES;PLANTAS ORNAMENTALES;1,00;3438,77;3438,77;1,19;4090,35
VALENCIA;LA COSTERA;VALLADA;CEREALES PARA GRANO;CEBADA;6,00;3438,77;20632,61;1,19;24542,11
VALENCIA;LA COSTERA;VALLES;FLORES Y P. ORNAMENTALES;PLANTAS ORNAMENTALES;1,00;3438,77;3438,77;1,19;4090,35
VALENCIA;LA COSTERA;XATIVA;CEREALES PARA GRANO;AVENA;3,00;3438,77;10316,30;1,19;12271,06
VALENCIA;LA HOYA DE BUNOL;ALBORACHE;CITRICOS;NARANJO DULCE;34,00;3438,77;116918,12;1,19;139071,97
VALENCIA;LA HOYA DE BUNOL;BUNOL;HORTALIZAS;SANDIA;1,00;3438,77;3438,77;1,19;4090,35
VALENCIA;LA HOYA DE BUNOL;CHESTE;CEREALES PARA GRANO;AVENA;1,00;3438,77;3438,77;1,19;4090,35
VALENCIA;LA HOYA DE BUNOL;CHIVA;CEREALES PARA GRANO;AVENA;19,00;3438,77;65336,59;1,19;77716,69
VALENCIA;LA HOYA DE BUNOL;DOS AGUAS;CULTIVOS FORRAJEROS;VEZA PARA FORRAJE;17,00;3438,77;58459,06;1,19;69535,99
VALENCIA;LA HOYA DE BUNOL;GODELLETA;FLORES Y P. ORNAMENTALES;PLANTAS ORNAMENTALES;5,00;3438,77;17193,84;1,19;20451,76
VALENCIA;LA HOYA DE BUNOL;MACASTRE;FLORES Y P. ORNAMENTALES;PLANTAS ORNAMENTALES;1,00;3438,77;3438,77;1,19;4090,35
VALENCIA;LA HOYA DE BUNOL;SIETE AGUAS;CEREALES PARA GRANO;TRIGO;2,00;3438,77;6877,54;1,19;8180,70
VALENCIA;LA HOYA DE BUNOL;YATOVA;FRUTALES;MELOCOTONERO;1,00;3438,77;3438,77;1,19;4090,35
VALENCIA;LA PLANA DE UTIEL-REQUENA;CAMPORROBLES;CEREALES PARA GRANO;TRIGO;128,00;3438,77;440162,32;1,19;523565,07
VALENCIA;LA PLANA DE UTIEL-REQUENA;CAUDETE DE LAS FUENTES;CEREALES PARA GRANO;TRIGO;30,00;3438,77;103163,04;1,19;122710,56
VALENCIA;LA PLANA DE UTIEL-REQUENA;CHERA;FRUTALES;CIRUELO;1,00;3438,77;3438,77;1,19;4090,35
VALENCIA;LA PLANA DE UTIEL-REQUENA;FUENTERROBLES;CEREALES PARA GRANO;TRIGO;31,00;3438,77;106601,81;1,19;126800,92
VALENCIA;LA PLANA DE UTIEL-REQUENA;REQUENA;CEREALES PARA GRANO;TRIGO;357,00;3438,77;1227640,22;1,19;1460255,71
VALENCIA;LA PLANA DE UTIEL-REQUENA;SINARCAS;CEREALES PARA GRANO;TRIGO;264,00;3438,77;907834,78;1,19;1079852,96
VALENCIA;LA PLANA DE UTIEL-REQUENA;UTIEL;CEREALES PARA GRANO;TRIGO;77,00;3438,77;264785,14;1,19;314957,11
VALENCIA;LA PLANA DE UTIEL-REQUENA;VENTA DEL MORO;CEREALES PARA GRANO;TRIGO;204,00;3438,77;701508,70;1,19;834431,84
VALENCIA;LA PLANA DE UTIEL-REQUENA;VILLARGORDO DEL CABRIEL;CEREALES PARA GRANO;TRIGO;18,00;3438,77;61897,83;1,19;73626,34
VALENCIA;LA RIBERA ALTA;ALBERIC;FLORES Y P. ORNAMENTALES;PLANTAS ORNAMENTALES;1,00;3438,77;3438,77;1,19;4090,35
VALENCIA;LA RIBERA ALTA;ALCANTERA DE XUQUER;HORTALIZAS;SANDIA;1,00;3438,77;3438,77;1,19;4090,35
VALENCIA;LA RIBERA ALTA;ALCUDIA (L');TUBERCULOS C. HUMANO;BONIATO Y BATATA;92,00;3438,77;316366,67;1,19;376312,40
VALENCIA;LA RIBERA ALTA;ALFARP;FLORES Y P. ORNAMENTALES;OTRAS FLORES;1,00;3438,77;3438,77;1,19;4090,35
VALENCIA;LA RIBERA ALTA;ALGEMESI;CEREALES PARA GRANO;ARROZ (CASCARA);93,00;3438,77;319805,43;1,19;380402,75
VALENCIA;LA RIBERA ALTA;ALGINET;TUBERCULOS C. HUMANO;PATATA TEMPRANA;5,00;3438,77;17193,84;1,19;20451,76
VALENCIA;LA RIBERA ALTA;ALZIRA;TUBERCULOS C. HUMANO;PATATA TEMPRANA;1,00;3438,77;3438,77;1,19;4090,35
VALENCIA;LA RIBERA ALTA;ANTELLA;HORTALIZAS;SANDIA;1,00;3438,77;3438,77;1,19;4090,35
VALENCIA;LA RIBERA ALTA;BENEIXIDA;HORTALIZAS;SANDIA;1,00;3438,77;3438,77;1,19;4090,35
VALENCIA;LA RIBERA ALTA;BENIFAIO;CEREALES PARA GRANO;MAIZ;2,00;3438,77;6877,54;1,19;8180,70
VALENCIA;LA RIBERA ALTA;BENIMODO;FLORES Y P. ORNAMENTALES;PLANTAS ORNAMENTALES;2,00;3438,77;6877,54;1,19;8180,70
VALENCIA;LA RIBERA ALTA;BENIMUSLEM;TUBERCULOS C. HUMANO;PATATA TARDIA;2,00;3438,77;6877,54;1,19;8180,70
VALENCIA;LA RIBERA ALTA;CARCAIXENT;FLORES Y P. ORNAMENTALES;PLANTAS ORNAMENTALES;35,00;3438,77;120356,88;1,19;143162,32
VALENCIA;LA RIBERA ALTA;CARCER;CITRICOS;NARANJO DULCE;330,00;3438,77;1134793,48;1,19;1349816,21
VALENCIA;LA RIBERA ALTA;CARLET;TUBERCULOS C. HUMANO;PATATA TARDIA;2,00;3438,77;6877,54;1,19;8180,70
VALENCIA;LA RIBERA ALTA;CATADAU;FLORES Y P. ORNAMENTALES;OTRAS FLORES;1,00;3438,77;3438,77;1,19;4090,35
VALENCIA;LA RIBERA ALTA;COTES;CITRICOS;NARANJO DULCE;208,00;3438,77;715263,77;1,19;850793,25
VALENCIA;LA RIBERA ALTA;ENOVA (L');CITRICOS;NARANJO DULCE;269,00;3438,77;925028,62;1,19;1100304,73
VALENCIA;LA RIBERA ALTA;GAVARDA;HORTALIZAS;SANDIA;1,00;3438,77;3438,77;1,19;4090,35
VALENCIA;LA RIBERA ALTA;GUADASSUAR;CEREALES PARA GRANO;AVENA;2,00;3438,77;6877,54;1,19;8180,70
VALENCIA;LA RIBERA ALTA;LLOMBAI;FLORES Y P. ORNAMENTALES;OTRAS FLORES;1,00;3438,77;3438,77;1,19;4090,35
VALENCIA;LA RIBERA ALTA;MANUEL;HORTALIZAS;SANDIA;1,00;3438,77;3438,77;1,19;4090,35
VALENCIA;LA RIBERA ALTA;MASALAVES;FLORES Y P. ORNAMENTALES;PLANTAS ORNAMENTALES;1,00;3438,77;3438,77;1,19;4090,35
VALENCIA;LA RIBERA ALTA;MONTROY;FLORES Y P. ORNAMENTALES;PLANTAS ORNAMENTALES;3,00;3438,77;10316,30;1,19;12271,06
VALENCIA;LA RIBERA ALTA;MONTSERRAT;CEREALES PARA GRANO;AVENA;1,00;3438,77;3438,77;1,19;4090,35
VALENCIA;LA RIBERA ALTA;POBLA LLARGA (LA);FLORES Y P. ORNAMENTALES;PLANTAS ORNAMENTALES;1,00;3438,77;3438,77;1,19;4090,35
VALENCIA;LA RIBERA ALTA;RAFELGUARAF;CULTIVOS FORRAJEROS;ALFALFA;1,00;3438,77;3438,77;1,19;4090,35
VALENCIA;LA RIBERA ALTA;REAL;FLORES Y P. ORNAMENTALES;PLANTAS ORNAMENTALES;1,00;3438,77;3438,77;1,19;4090,35
VALENCIA;LA RIBERA ALTA;SANT JOANET;CITRICOS;NARANJO DULCE;115,00;3438,77;395458,33;1,19;470390,50
VALENCIA;LA RIBERA ALTA;SELLENT;CITRICOS;NARANJO DULCE;251,00;3438,77;863130,80;1,19;1026678,39
VALENCIA;LA RIBERA ALTA;SENYERA;CITRICOS;NARANJO DULCE;133,00;3438,77;457356,16;1,19;544016,83
VALENCIA;LA RIBERA ALTA;SUMACARCER;CITRICOS;NARANJO DULCE;285,00;3438,77;980048,91;1,19;1165750,36
VALENCIA;LA RIBERA ALTA;TOUS;FLORES Y P. ORNAMENTALES;PLANTAS ORNAMENTALES;2,00;3438,77;6877,54;1,19;8180,70
VALENCIA;LA RIBERA ALTA;TURIS;CEREALES PARA GRANO;TRIGO;5,00;3438,77;17193,84;1,19;20451,76
VALENCIA;LA RIBERA ALTA;VILLANUEVA DE CASTELLON;HORTALIZAS;SANDIA;14,00;3438,77;48142,75;1,19;57264,93
VALENCIA;LA RIBERA BAIXA;ALBALAT DE LA RIBERA;CEREALES PARA GRANO;ARROZ (CASCARA);339,00;3438,77;1165742,39;1,19;1386629,38
VALENCIA;LA RIBERA BAIXA;ALMUSSAFES;TUBERCULOS C. HUMANO;PATATA TEMPRANA;18,00;3438,77;61897,83;1,19;73626,34
VALENCIA;LA RIBERA BAIXA;BENICULL DE XUQUER;CITRICOS;NARANJO DULCE;168,00;3438,77;577713,04;1,19;687179,16
VALENCIA;LA RIBERA BAIXA;CORBERA;CEREALES PARA GRANO;ARROZ (CASCARA);297,00;3438,77;1021314,13;1,19;1214834,59
VALENCIA;LA RIBERA BAIXA;CULLERA;CEREALES PARA GRANO;AVENA;1,00;3438,77;3438,77;1,19;4090,35
VALENCIA;LA RIBERA BAIXA;FAVARA;CEREALES PARA GRANO;ARROZ (CASCARA);20,00;3438,77;68775,36;1,19;81807,04
VALENCIA;LA RIBERA BAIXA;FORTALENY;CEREALES PARA GRANO;ARROZ (CASCARA);158,00;3438,77;543325,36;1,19;646275,64
VALENCIA;LA RIBERA BAIXA;LLAURI;CEREALES PARA GRANO;ARROZ (CASCARA);107,00;3438,77;367948,19;1,19;437667,68
VALENCIA;LA RIBERA BAIXA;POLINYA DE XUQUER;CEREALES PARA GRANO;ARROZ (CASCARA);6,00;3438,77;20632,61;1,19;24542,11
VALENCIA;LA RIBERA BAIXA;RIOLA;CEREALES PARA GRANO;ARROZ (CASCARA);161,00;3438,77;553641,67;1,19;658546,69
VALENCIA;LA RIBERA BAIXA;SOLLANA;CEREALES PARA GRANO;TRIGO;2,00;3438,77;6877,54;1,19;8180,70
VALENCIA;LA RIBERA BAIXA;SUECA;CEREALES PARA GRANO;ARROZ (CASCARA);6071,00;3438,77;20876761,23;1,19;24832527,84
VALENCIA;LA SAFOR;ADOR;CITRICOS;NARANJO DULCE;137,00;3438,77;471111,23;1,19;560378,24
VALENCIA;LA SAFOR;ALFAUIR;CEREALES PARA GRANO;TRIGO;1,00;3438,77;3438,77;1,19;4090,35
VALENCIA;LA SAFOR;ALMISERA;CITRICOS;NARANJO DULCE;77,00;3438,77;264785,14;1,19;314957,11
VALENCIA;LA SAFOR;ALMOINES;CITRICOS;NARANJO DULCE;55,00;3438,77;189132,25;1,19;224969,37
VALENCIA;LA SAFOR;ALQUERIA DE LA COMTESSA (L');CITRICOS;NARANJO DULCE;37,00;3438,77;127234,42;1,19;151343,03
VALENCIA;LA SAFOR;BARX;CITRICOS;NARANJO DULCE;15,00;3438,77;51581,52;1,19;61355,28
VALENCIA;LA SAFOR;BELLREGUARD;CITRICOS;NARANJO DULCE;88,00;3438,77;302611,59;1,19;359950,99
VALENCIA;LA SAFOR;BENIARJO;CITRICOS;NARANJO DULCE;110,00;3438,77;378264,49;1,19;449938,74
VALENCIA;LA SAFOR;BENIFAIRO DE LA VALLDIGNA;HORTALIZAS;PIMIENTO;2,00;3438,77;6877,54;1,19;8180,70
VALENCIA;LA SAFOR;BENIFLA;CITRICOS;NARANJO DULCE;20,00;3438,77;68775,36;1,19;81807,04
VALENCIA;LA SAFOR;BENIRREDRA;CITRICOS;NARANJO DULCE;4,00;3438,77;13755,07;1,19;16361,41
VALENCIA;LA SAFOR;CASTELLONET DE LA CONQUESTA;CITRICOS;NARANJO DULCE;78,00;3438,77;268223,91;1,19;319047,47
VALENCIA;LA SAFOR;DAIMUS;CITRICOS;NARANJO DULCE;54,00;3438,77;185693,48;1,19;220879,02
VALENCIA;LA SAFOR;FONT D'EN CARROS (LA);CITRICOS;NARANJO DULCE;89,00;3438,77;306050,36;1,19;364041,34
VALENCIA;LA SAFOR;GANDIA;CEREALES PARA GRANO;AVENA;5,00;3438,77;17193,84;1,19;20451,76
VALENCIA;LA SAFOR;GUARDAMAR DE LA SAFOR;CITRICOS;NARANJO DULCE;25,00;3438,77;85969,20;1,19;102258,80
VALENCIA;LA SAFOR;LLOCNOU DE SANT JERONI;CITRICOS;NARANJO DULCE;73,00;3438,77;251030,07;1,19;298595,71
VALENCIA;LA SAFOR;MIRAMAR;CITRICOS;NARANJO DULCE;40,00;3438,77;137550,72;1,19;163614,09
VALENCIA;LA SAFOR;OLIVA;CEREALES PARA GRANO;ARROZ (CASCARA);71,00;3438,77;244152,54;1,19;290415,00
VALENCIA;LA SAFOR;PALMA DE GANDIA;HORTALIZAS;SANDIA;1,00;3438,77;3438,77;1,19;4090,35
VALENCIA;LA SAFOR;PALMERA;HORTALIZAS;SANDIA;1,00;3438,77;3438,77;1,19;4090,35
VALENCIA;LA SAFOR;PILES;CITRICOS;NARANJO DULCE;100,00;3438,77;343876,81;1,19;409035,21
VALENCIA;LA SAFOR;POTRIES;CITRICOS;NARANJO DULCE;48,00;3438,77;165060,87;1,19;196336,90
VALENCIA;LA SAFOR;RAFELCOFER;CITRICOS;NARANJO DULCE;85,00;3438,77;292295,29;1,19;347679,93
VALENCIA;LA SAFOR;REAL DE GANDIA;FLORES Y P. ORNAMENTALES;PLANTAS ORNAMENTALES;1,00;3438,77;3438,77;1,19;4090,35
VALENCIA;LA SAFOR;ROTOVA;CITRICOS;NARANJO DULCE;80,00;3438,77;275101,45;1,19;327228,17
VALENCIA;LA SAFOR;SIMAT DE LA VALLDIGNA;CITRICOS;NARANJO DULCE;319,00;3438,77;1096967,03;1,19;1304822,33
VALENCIA;LA SAFOR;TAVERNES DE LA VALLDIGNA;FLORES Y P. ORNAMENTALES;PLANTAS ORNAMENTALES;17,00;3438,77;58459,06;1,19;69535,99
VALENCIA;LA SAFOR;VILLALONGA;FLORES Y P. ORNAMENTALES;PLANTAS ORNAMENTALES;1,00;3438,77;3438,77;1,19;4090,35
VALENCIA;LA SAFOR;XERACO;FLORES Y P. ORNAMENTALES;ROSA;1,00;3438,77;3438,77;1,19;4090,35
VALENCIA;LA SAFOR;XERESA;CEREALES PARA GRANO;CEBADA;4,00;3438,77;13755,07;1,19;16361,41
VALENCIA;LA VALL D'ALBAIDA;AGULLENT;LEGUMINOSAS GRANO;GUISANTE SECO;12,00;3438,77;41265,22;1,19;49084,23
VALENCIA;LA VALL D'ALBAIDA;AIELO DE MALFERIT;CULTIVOS INDUSTRIALES;OTROS CULTIVOS INDUSTRIA.;1,00;3438,77;3438,77;1,19;4090,35
VALENCIA;LA VALL D'ALBAIDA;AIELO DE RUGAT;HORTALIZAS;SANDIA;1,00;3438,77;3438,77;1,19;4090,35
VALENCIA;LA VALL D'ALBAIDA;ALBAIDA;CEREALES PARA GRANO;TRIGO;10,00;3438,77;34387,68;1,19;40903,52
VALENCIA;LA VALL D'ALBAIDA;ALFARRASI;HORTALIZAS;SANDIA;2,00;3438,77;6877,54;1,19;8180,70
VALENCIA;LA VALL D'ALBAIDA;ATZENETA D'ALBAIDA;HORTALIZAS;SANDIA;1,00;3438,77;3438,77;1,19;4090,35
VALENCIA;LA VALL D'ALBAIDA;BELGIDA;HORTALIZAS;SANDIA;2,00;3438,77;6877,54;1,19;8180,70
VALENCIA;LA VALL D'ALBAIDA;BELLUS;HORTALIZAS;SANDIA;1,00;3438,77;3438,77;1,19;4090,35
VALENCIA;LA VALL D'ALBAIDA;BENIATJAR;CITRICOS;NARANJO DULCE;10,00;3438,77;34387,68;1,19;40903,52
VALENCIA;LA VALL D'ALBAIDA;BENICOLET;HORTALIZAS;SANDIA;1,00;3438,77;3438,77;1,19;4090,35
VALENCIA;LA VALL D'ALBAIDA;BENIGANIM;CEREALES PARA GRANO;AVENA;2,00;3438,77;6877,54;1,19;8180,70
VALENCIA;LA VALL D'ALBAIDA;BENISSODA;HORTALIZAS;SANDIA;1,00;3438,77;3438,77;1,19;4090,35
VALENCIA;LA VALL D'ALBAIDA;BENISUERA;FRUTALES;MELOCOTONERO;2,00;3438,77;6877,54;1,19;8180,70
VALENCIA;LA VALL D'ALBAIDA;BOCAIRENT;CEREALES PARA GRANO;TRIGO;102,00;3438,77;350754,35;1,19;417215,92
VALENCIA;LA VALL D'ALBAIDA;BUFALI;HORTALIZAS;SANDIA;1,00;3438,77;3438,77;1,19;4090,35
VALENCIA;LA VALL D'ALBAIDA;CARRICOLA;HORTALIZAS;SANDIA;2,00;3438,77;6877,54;1,19;8180,70
VALENCIA;LA VALL D'ALBAIDA;CASTELLO DE RUGAT;CEREALES PARA GRANO;AVENA;1,00;3438,77;3438,77;1,19;4090,35
VALENCIA;LA VALL D'ALBAIDA;FONTANARS DELS ALFORINS;CEREALES PARA GRANO;TRIGO;106,00;3438,77;364509,42;1,19;433577,33
VALENCIA;LA VALL D'ALBAIDA;GUADASEQUIES;CULTIVOS FORRAJEROS;VEZA PARA FORRAJE;1,00;3438,77;3438,77;1,19;4090,35
VALENCIA;LA VALL D'ALBAIDA;LLUTXENT;HORTALIZAS;LECHUGA;4,00;3438,77;13755,07;1,19;16361,41
VALENCIA;LA VALL D'ALBAIDA;MONTAVERNER;HORTALIZAS;JUDIA VERDE;1,00;3438,77;3438,77;1,19;4090,35
VALENCIA;LA VALL D'ALBAIDA;MONTITXELVO/MONTICHELVO;HORTALIZAS;SANDIA;1,00;3438,77;3438,77;1,19;4090,35
VALENCIA;LA VALL D'ALBAIDA;OLLERIA (L');CEREALES PARA GRANO;TRIGO;2,00;3438,77;6877,54;1,19;8180,70
VALENCIA;LA VALL D'ALBAIDA;ONTINYENT;CEREALES PARA GRANO;CEBADA;137,00;3438,77;471111,23;1,19;560378,24
VALENCIA;LA VALL D'ALBAIDA;OTOS;HORTALIZAS;SANDIA;1,00;3438,77;3438,77;1,19;4090,35
VALENCIA;LA VALL D'ALBAIDA;PALOMAR (EL);CITRICOS;NARANJO DULCE;11,00;3438,77;37826,45;1,19;44993,87
VALENCIA;LA VALL D'ALBAIDA;PINET;CITRICOS;NARANJO DULCE;9,00;3438,77;30948,91;1,19;36813,17
VALENCIA;LA VALL D'ALBAIDA;POBLA DEL DUC (LA);CEREALES PARA GRANO;CEBADA;1,00;3438,77;3438,77;1,19;4090,35
VALENCIA;LA VALL D'ALBAIDA;QUATRETONDA;CULTIVOS FORRAJEROS;VEZA PARA FORRAJE;31,00;3438,77;106601,81;1,19;126800,92
VALENCIA;LA VALL D'ALBAIDA;RAFOL DE SALEM;CITRICOS;MANDARINO;1,00;3438,77;3438,77;1,19;4090,35
VALENCIA;LA VALL D'ALBAIDA;RUGAT;FLORES Y P. ORNAMENTALES;PLANTAS ORNAMENTALES;1,00;3438,77;3438,77;1,19;4090,35
VALENCIA;LA VALL D'ALBAIDA;SALEM;CITRICOS;NARANJO DULCE;5,00;3438,77;17193,84;1,19;20451,76
VALENCIA;LA VALL D'ALBAIDA;SEMPERE;HORTALIZAS;SANDIA;2,00;3438,77;6877,54;1,19;8180,70
VALENCIA;LA VALL D'ALBAIDA;TERRATEIG;HORTALIZAS;SANDIA;1,00;3438,77;3438,77;1,19;4090,35
VALENCIA;LOS SERRANOS;ALCUBLAS;CEREALES PARA GRANO;TRIGO;1,00;3438,77;3438,77;1,19;4090,35
VALENCIA;LOS SERRANOS;ALPUENTE;CEREALES PARA GRANO;TRIGO;85,00;3438,77;292295,29;1,19;347679,93
VALENCIA;LOS SERRANOS;ANDILLA;CEREALES PARA GRANO;TRIGO;4,00;3438,77;13755,07;1,19;16361,41
VALENCIA;LOS SERRANOS;ARAS DE LOS OLMOS;CEREALES PARA GRANO;CEBADA;62,00;3438,77;213203,62;1,19;253601,83
VALENCIA;LOS SERRANOS;BENAGEBER;CEREALES PARA GRANO;TRIGO;14,00;3438,77;48142,75;1,19;57264,93
VALENCIA;LOS SERRANOS;BUGARRA;FLORES Y P. ORNAMENTALES;PLANTAS ORNAMENTALES;7,00;3438,77;24071,38;1,19;28632,46
VALENCIA;LOS SERRANOS;CALLES;CEREALES PARA GRANO;CEBADA;2,00;3438,77;6877,54;1,19;8180,70
VALENCIA;LOS SERRANOS;CHELVA;CEREALES PARA GRANO;TRIGO;126,00;3438,77;433284,78;1,19;515384,37
VALENCIA;LOS SERRANOS;CHULILLA;CEREALES PARA GRANO;AVENA;1,00;3438,77;3438,77;1,19;4090,35
VALENCIA;LOS SERRANOS;DOMENO;HORTALIZAS;ALCACHOFA;3,00;3438,77;10316,30;1,19;12271,06
VALENCIA;LOS SERRANOS;GESTALGAR;CEREALES PARA GRANO;AVENA;1,00;3438,77;3438,77;1,19;4090,35
VALENCIA;LOS SERRANOS;HIGUERUELAS;CEREALES PARA GRANO;TRIGO;1,00;3438,77;3438,77;1,19;4090,35
VALENCIA;LOS SERRANOS;LOSA DEL OBISPO;CEREALES PARA GRANO;AVENA;2,00;3438,77;6877,54;1,19;8180,70
VALENCIA;LOS SERRANOS;PEDRALBA;FLORES Y P. ORNAMENTALES;PLANTAS ORNAMENTALES;2,00;3438,77;6877,54;1,19;8180,70
VALENCIA;LOS SERRANOS;SOT DE CHERA;CITRICOS;NARANJO DULCE;4,00;3438,77;13755,07;1,19;16361,41
VALENCIA;LOS SERRANOS;TITAGUAS;CEREALES PARA GRANO;TRIGO;59,00;3438,77;202887,32;1,19;241330,78
VALENCIA;LOS SERRANOS;TUEJAR;CEREALES PARA GRANO;TRIGO;17,00;3438,77;58459,06;1,19;69535,99
VALENCIA;LOS SERRANOS;VILLAR DEL ARZOBISPO;CEREALES PARA GRANO;TRIGO;1,00;3438,77;3438,77;1,19;4090,35
VALENCIA;LOS SERRANOS;YESA (LA);CEREALES PARA GRANO;TRIGO;19,00;3438,77;65336,59;1,19;77716,69
VALENCIA;RINCON DE ADEMUZ;ADEMUZ;CEREALES PARA GRANO;TRIGO;40,00;3438,77;137550,72;1,19;163614,09
VALENCIA;RINCON DE ADEMUZ;CASAS ALTAS;CEREALES PARA GRANO;TRIGO;5,00;3438,77;17193,84;1,19;20451,76
VALENCIA;RINCON DE ADEMUZ;CASAS BAJAS;CULTIVOS INDUSTRIALES;OTROS CULTIVOS INDUSTRIA.;1,00;3438,77;3438,77;1,19;4090,35
VALENCIA;RINCON DE ADEMUZ;CASTIELFABIB;CEREALES PARA GRANO;TRIGO;81,00;3438,77;278540,22;1,19;331318,52
VALENCIA;RINCON DE ADEMUZ;PUEBLA DE SAN MIGUEL;CEREALES PARA GRANO;CEBADA;15,00;3438,77;51581,52;1,19;61355,28
VALENCIA;RINCON DE ADEMUZ;TORREBAJA;CEREALES PARA GRANO;AVENA;4,00;3438,77;13755,07;1,19;16361,41
VALENCIA;RINCON DE ADEMUZ;VALLANCA;CEREALES PARA GRANO;TRIGO;7,00;3438,77;24071,38;1,19;28632,46
VALENCIA;VALENCIA;VALENCIA;CEREALES PARA GRANO;ARROZ (CASCARA);854,00;3438,77;2936707,97;1,19;3493160,73
